{"cameraMode":{"drawMode":0,"name":"Shaded","section":"Shading Mode"},"sceneLighting":false,"audioPlay":false,"sceneViewState":{"showFog":true,"showMaterialUpdate":false,"showSkybox":false,"showFlares":true,"showImageEffects":true,"showParticleSystems":true},"in2DMode":false,"pivot":{"x":-1.7204101085662842,"y":9.66020393371582,"z":3.378020763397217},"rotation":{"x":0.6942618489265442,"y":0.0021591430995613338,"z":-0.002082789782434702,"w":0.7197160124778748},"size":16.879222869873048,"orthographic":false}